Product_Category,Product_Type,Product_Name
Living Room,Furniture,Wooden Angled Chair
Living Room,Furniture,Flared Accent Chair
Living Room,Furniture,Supreme Rocoz Vintage Sofa Chair
Living Room,Furniture,Stonehenge UltraCozy Single Sofa
Living Room,Furniture,Style Home InOffice Single Sofa
Living Room,Furniture,Stonehenge Modern Steelet Single Sofa
Living Room,Furniture,Rustic Stained Wooden Chair
Living Room,Furniture,Wooden Cafe Chair
Living Room,Furniture,Style Home Moderns Plain Single Large Sofa
Living Room,Furniture,Style Home InOffice Double Sofa
Living Room,Furniture,Theatre Sofa
Living Room,Furniture,Plump Leather Sofa
Living Room,Lighting,Modern Pendant Light
Living Room,Lighting,Wetahered Pendant Light
Living Room,Lighting,Solid Pendant Light
Living Room,Lighting,Brushed Pendant Lighht
Living Room,Lighting,Circular Chandelier
Living Room,Lighting,Raindrop Chandelier
Living Room,Lighting,Rattan Ceiling Light
Living Room,Lighting,Nordic Lamp
Living Room,Decoration,Accent mirror
Living Room,Decoration,Framed Mirror
Living Room,Decoration,Striped Arena Rug
Living Room,Decoration,Braided Accent Rig
Living Room,Decoration,Bordered Decorative Rug
Bath,Lighting,Cluster globe ceiling light
Bath,Lighting,Infinity globe ceiling light
Bath,Fixtures,Single Handle Bath Faucet
Bath,Fixtures,Goose Neck Bath Faucet
Bath,Fixtures,High Arc Vessel Bath Faucet
Bath,Fixtures,Handheld Showerhead
Bath,Fixtures,Raindrop Showerhead
Bath,Accessories,Makeup Mirror
Bath,Accessories,Bender Wall Toothbrush Holder
Bath,Accessories,Kerry's Clear Soap Dispenser
Bedroom,Beds,Twin Bunk Bed
Bedroom,Beds,Sleepy Head Elegant Queen Bed
Bedroom,Beds,Sleepy Head Storytime Double Bed
Bedroom,Beds,Sleepy Head Low Key Double Bed
Bedroom,Dressers,Style Home Large Ash Wood Chest of Drawers
Bedroom,Dressers,Stonehenge Closet Chest of Drawers
Bedroom,Dressers,Style Home Intree Chest of Drawers
Bedroom,Dressers,Sonehenge Large Elegant Wardrobe
Dining Room,Tables,Luncheon Table
Dining Room,Tables,Patio Table
Dining Room,Tables,Espresso Table
Dining Room,Tables,Pub Table
Dining Room,Chairs,Wooden Dining Chair
Dining Room,Chairs,Ant Chair
Dining Room,Chairs,Dark Wooden Chair
Dining Room,Chairs,StyleHome Comfy Dining chair
Dining Room,Buffets,Landscape Buffet Table
Dining Room,Buffets,Standing Buffet Cabinet
Kitchen,Cabinets,Dark Brown Wood-grained Cabinet
Kitchen,Cabinets,Cherry Wood-grained Cabinet
Kitchen,Cabinets,Brown Wood-grained Cabinet
Kitchen,Cabinets,Natural Wood-grained Cabinet
Kitchen,Cabinets,Grey Solid Cabinet
Kitchen,Cabinets,Black Solid Cabinet
Kitchen,Cabinets,Brown Solid Cabinet
Kitchen,Countertops,Dark Brown Wood-grained Countertop
Kitchen,Countertops,Cherry Wood-grained Countertop
Kitchen,Countertops,Brown Wood-grained Countertop
Kitchen,Countertops,Natural Wood-grained Countertop
